task_id,domain,k,dimensions,n_dims,k_nn,selector,seed,b_coverage,b_maxsum,b_maxmin,b_novelty,maxsum_stability,redundancy,b_achieved,spread_go,spread_ru,spread_cb,hidden_pref_hits,hidden_pref_draws,hidden_pref_rate,hidden_pref_exact,coverage_by_dimension,n_selected,redundancy_floor,redundancy_excess,n_pool,b_pool,year,q,multiset_stability
1.0-1000-classical-2000-elevators-10,elevators,20,go,1,3,bcoverage,1309817549,20,133.3000000000001,0.2,0.32333333333333336,75.34878024648899,0,20,0.7015789473684215,,,11,50,0.22,0.20833333333333334,go:20/96,20,0,0,1000,96,2000,1.0,True
1.0-1000-classical-2000-elevators-10,elevators,20,go,1,3,bmaxsum,1309817549,20,154.00000000000014,0.2,0.4033333333333333,93.34334201877623,0,20,0.8105263157894744,,,11,50,0.22,0.20833333333333334,go:20/96,20,0,0,1000,96,2000,1.0,True
1.0-1000-classical-2000-elevators-10,elevators,20,go,1,3,bmaxmin,1309817549,2,1.0,1.0,1.0,0.5333333333333333,18,2,1.0,,,0,50,0.0,0.020833333333333332,go:2/96,2,0,18,1000,96,2000,1.0,True
1.0-1000-classical-2000-elevators-10,elevators,20,go,1,3,bnovelty,1309817549,2,1.0,1.0,1.0,0.5333333333333333,18,2,1.0,,,0,50,0.0,0.020833333333333332,go:2/96,2,0,18,1000,96,2000,1.0,True
1.0-1000-classical-2000-elevators-10,elevators,20,go,1,3,maxsum_stability,1309817549,20,152.3000000000002,0.2,0.3966666666666666,95.30890526929103,0,20,0.8015789473684222,,,8,50,0.16,0.20833333333333334,go:20/96,20,0,0,1000,96,2000,1.0,True
1.0-1000-classical-None-ferry-17,ferry,20,go+ru,2,3,bcoverage,1266540618,20,64.41666666666667,0.16666666666666666,0.21805555555555559,53.611371591371615,0,20,0.6780701754385965,0.0,,27,50,0.54,0.5833333333333334,"go:20/120,ru:1/1",20,0,0,120,120,None,1.0,True
1.0-1000-classical-None-ferry-17,ferry,20,go+ru,2,3,bmaxsum,1266540618,20,66.66666666666667,0.16666666666666666,0.2166666666666667,54.37410663410666,0,20,0.7017543859649124,0.0,,28,50,0.56,0.5833333333333334,"go:20/120,ru:1/1",20,0,0,120,120,None,1.0,True
1.0-1000-classical-None-ferry-17,ferry,20,go+ru,2,3,bmaxmin,1266540618,5,4.166666666666666,0.4166666666666667,0.4166666666666667,3.0045258445258445,15,5,0.8333333333333333,0.0,,24,50,0.48,0.5208333333333334,"go:5/120,ru:1/1",5,0,15,120,120,None,1.0,True
1.0-1000-classical-None-ferry-17,ferry,20,go+ru,2,3,bnovelty,1266540618,5,4.166666666666666,0.4166666666666667,0.4166666666666667,3.0045258445258445,15,5,0.8333333333333333,0.0,,24,50,0.48,0.5208333333333334,"go:5/120,ru:1/1",5,0,15,120,120,None,1.0,True
1.0-1000-classical-None-ferry-17,ferry,20,go+ru,2,3,maxsum_stability,1266540618,20,63.5,0.16666666666666666,0.20694444444444443,56.42229548229547,0,20,0.6684210526315789,0.0,,28,50,0.56,0.5833333333333334,"go:20/120,ru:1/1",20,0,0,120,120,None,1.0,True
1.0-1000-classical-1998-gripper-1,gripper,20,go+ru,2,3,bcoverage,1665754178,20,74.5,0.25,0.25,88.39298245614023,0,20,0.7842105263157895,0.0,,45,50,0.9,0.9166666666666667,"go:20/24,ru:1/1",20,0,0,384,24,1998,1.0,True
1.0-1000-classical-1998-gripper-1,gripper,20,go+ru,2,3,bmaxsum,1665754178,20,75.0,0.25,0.25,93.83859649122792,0,20,0.7894736842105263,0.0,,47,50,0.94,0.9166666666666667,"go:20/24,ru:1/1",20,0,0,384,24,1998,1.0,True
1.0-1000-classical-1998-gripper-1,gripper,20,go+ru,2,3,bmaxmin,1665754178,4,3.0,0.5,0.5,3.508771929824561,16,4,1.0,0.0,,31,50,0.62,0.5833333333333334,"go:4/24,ru:1/1",4,0,16,384,24,1998,1.0,True
1.0-1000-classical-1998-gripper-1,gripper,20,go+ru,2,3,bnovelty,1665754178,4,3.0,0.5,0.5,3.508771929824561,16,4,1.0,0.0,,31,50,0.62,0.5833333333333334,"go:4/24,ru:1/1",4,0,16,384,24,1998,1.0,True
1.0-1000-classical-1998-gripper-1,gripper,20,go+ru,2,3,maxsum_stability,1665754178,16,47.0,0.25,0.25520833333333337,99.03157894736825,4,16,0.7833333333333333,0.0,,45,50,0.9,0.8333333333333333,"go:16/24,ru:1/1",20,0,4,384,24,1998,1.0,True
1.0-1000-classical-None-miconic-10,miconic,20,go,1,3,bcoverage,1525500729,20,121.60000000000001,0.2,0.33166666666666667,71.75384551856325,0,20,0.64,,,8,50,0.16,0.20833333333333334,go:20/96,20,0,0,1000,96,None,1.0,True
1.0-1000-classical-None-miconic-10,miconic,20,go,1,3,bmaxsum,1525500729,20,153.5000000000001,0.2,0.38333333333333336,92.90858231562159,0,20,0.8078947368421059,,,11,50,0.22,0.20833333333333334,go:20/96,20,0,0,1000,96,None,1.0,True
1.0-1000-classical-None-miconic-10,miconic,20,go,1,3,bmaxmin,1525500729,2,1.0,1.0,1.0,0.5,18,2,1.0,,,0,50,0.0,0.020833333333333332,go:2/96,2,0,18,1000,96,None,1.0,True
1.0-1000-classical-None-miconic-10,miconic,20,go,1,3,bnovelty,1525500729,2,1.0,1.0,1.0,0.5,18,2,1.0,,,0,50,0.0,0.020833333333333332,go:2/96,2,0,18,1000,96,None,1.0,True
1.0-1000-classical-None-miconic-10,miconic,20,go,1,3,maxsum_stability,1525500729,20,151.1000000000001,0.2,0.40166666666666667,95.15718932881582,0,20,0.7952631578947374,,,8,50,0.16,0.20833333333333334,go:20/96,20,0,0,1000,96,None,1.0,True
1.0-1000-classical-1998-movie-1,movie,20,go+ru,2,3,bcoverage,744618490,20,117.42857142857153,0.14285714285714285,0.19523809523809518,129.50606060606052,0,20,0.5624060150375934,0.6736842105263158,,22,50,0.44,0.4,"go:20/100,ru:3/5",20,0,0,1000,212,1998,1.0,True
1.0-1000-classical-1998-movie-1,movie,20,go+ru,2,3,bmaxsum,744618490,20,136.57142857142875,0.14285714285714285,0.2738095238095238,135.82020202020198,0,20,0.5954887218045101,0.8421052631578947,,26,50,0.52,0.59,"go:18/100,ru:5/5",20,0,0,1000,212,1998,1.0,True
1.0-1000-classical-1998-movie-1,movie,20,go+ru,2,3,bmaxmin,744618490,4,5.142857142857144,0.8571428571428572,0.8571428571428572,4.448484848484848,16,4,0.7142857142857143,1.0,,22,50,0.44,0.42000000000000004,"go:4/100,ru:4/5",4,0,16,1000,212,1998,1.0,True
1.0-1000-classical-1998-movie-1,movie,20,go+ru,2,3,bnovelty,744618490,4,5.142857142857144,0.8571428571428572,0.8571428571428572,4.448484848484848,16,4,0.7142857142857143,1.0,,22,50,0.44,0.42000000000000004,"go:4/100,ru:4/5",4,0,16,1000,212,1998,1.0,True
1.0-1000-classical-1998-movie-1,movie,20,go+ru,2,3,maxsum_stability,744618490,20,134.6428571428574,0.14285714285714285,0.319047619047619,140.7909090909092,0,20,0.5857142857142846,0.8315789473684211,,27,50,0.54,0.595,"go:19/100,ru:5/5",20,0,0,1000,212,1998,1.0,True
1.0-1000-classical-2006-openstacks-1,openstacks,20,go,1,3,bcoverage,1425594218,20,158.0,0.4,0.5000000000000001,111.45758572151199,0,20,0.8315789473684211,,,28,50,0.56,0.5,go:20/40,20,0,0,160,40,2006,1.0,True
1.0-1000-classical-2006-openstacks-1,openstacks,20,go,1,3,bmaxsum,1425594218,20,159.39999999999998,0.4,0.5066666666666667,111.40256539831208,0,20,0.8389473684210526,,,22,50,0.44,0.5,go:20/40,20,0,0,160,40,2006,1.0,True
1.0-1000-classical-2006-openstacks-1,openstacks,20,go,1,3,bmaxmin,1425594218,4,6.0,1.0,1.0,3.755892324962534,16,4,1.0,,,4,50,0.08,0.1,go:4/40,4,0,16,160,40,2006,1.0,True
1.0-1000-classical-2006-openstacks-1,openstacks,20,go,1,3,bnovelty,1425594218,4,6.0,1.0,1.0,3.755892324962534,16,4,1.0,,,4,50,0.08,0.1,go:4/40,4,0,16,160,40,2006,1.0,True
1.0-1000-classical-2006-openstacks-1,openstacks,20,go,1,3,maxsum_stability,1425594218,20,159.00000000000006,0.4,0.5333333333333332,114.41514791366183,0,20,0.8368421052631582,,,30,50,0.6,0.5,go:20/40,20,0,0,160,40,2006,1.0,True
1.0-1000-classical-2008-pegsol-12,pegsol,20,go,1,3,bcoverage,1782990122,20,63.84848484848492,0.09090909090909091,0.23333333333333334,143.84020512218808,0,20,0.3360446570972891,,,11,50,0.22,0.21978021978021978,go:20/91,20,0,0,192,91,2008,1.0,True
1.0-1000-classical-2008-pegsol-12,pegsol,20,go,1,3,bmaxsum,1782990122,20,67.09090909090912,0.12121212121212122,0.2762626262626263,136.6339404580432,0,20,0.3531100478468901,,,15,50,0.3,0.21978021978021978,go:20/91,20,0,0,192,91,2008,1.0,True
1.0-1000-classical-2008-pegsol-12,pegsol,20,go,1,3,bmaxmin,1782990122,3,1.1818181818181817,0.3939393939393939,0.39393939393939387,2.60731319554849,17,3,0.39393939393939387,,,5,50,0.1,0.03296703296703297,go:3/91,3,0,17,192,91,2008,1.0,True
1.0-1000-classical-2008-pegsol-12,pegsol,20,go,1,3,bnovelty,1782990122,3,1.1818181818181817,0.3939393939393939,0.39393939393939387,2.60731319554849,17,3,0.39393939393939387,,,5,50,0.1,0.03296703296703297,go:3/91,3,0,17,192,91,2008,1.0,True
1.0-1000-classical-2008-pegsol-12,pegsol,20,go,1,3,maxsum_stability,1782990122,18,52.12121212121219,0.15151515151515152,0.24747474747474751,153.7626486771448,2,18,0.3406615171321058,,,7,50,0.14,0.1978021978021978,go:18/91,20,0,2,192,91,2008,1.0,True
1.0-1000-classical-2004-pipesworld-notankage-8,pipesworld-notankage,20,go+ru,2,3,bcoverage,2065366244,20,57.21428571428566,0.14285714285714285,0.1559523809523809,141.94833288486535,0,20,0.6022556390977438,0.0,,39,50,0.78,0.8125,"go:20/32,ru:1/1",20,0,0,256,32,2004,1.0,True
1.0-1000-classical-2004-pipesworld-notankage-8,pipesworld-notankage,20,go+ru,2,3,bmaxsum,2065366244,20,61.07142857142854,0.14285714285714285,0.15476190476190474,144.94046863009703,0,20,0.6428571428571426,0.0,,35,50,0.7,0.8125,"go:20/32,ru:1/1",20,0,0,256,32,2004,1.0,True
1.0-1000-classical-2004-pipesworld-notankage-8,pipesworld-notankage,20,go+ru,2,3,bmaxmin,2065366244,2,0.5,0.5,0.5,0.8235294117647058,18,2,1.0,0.0,,20,50,0.4,0.53125,"go:2/32,ru:1/1",2,0,18,256,32,2004,1.0,True
1.0-1000-classical-2004-pipesworld-notankage-8,pipesworld-notankage,20,go+ru,2,3,bnovelty,2065366244,2,0.42857142857142855,0.42857142857142855,0.42857142857142855,0.8235294117647058,18,2,0.8571428571428571,0.0,,20,50,0.4,0.53125,"go:2/32,ru:1/1",2,0,18,256,32,2004,1.0,True
1.0-1000-classical-2004-pipesworld-notankage-8,pipesworld-notankage,20,go+ru,2,3,maxsum_stability,2065366244,19,50.6428571428571,0.14285714285714285,0.1528822055137844,147.7653390641006,1,19,0.5923141186299077,0.0,,39,50,0.78,0.796875,"go:19/32,ru:1/1",20,0,1,256,32,2004,1.0,True
1.0-1000-classical-2004-psr-small-50,psr-small,20,go,1,3,bcoverage,241860376,20,59.5999999999999,0.2,0.2000000000000001,0.0,0,20,0.3136842105263153,,,43,50,0.86,0.8333333333333334,go:20/24,20,0,0,192,24,2004,1.0,True
1.0-1000-classical-2004-psr-small-50,psr-small,20,go,1,3,bmaxsum,241860376,20,59.99999999999991,0.2,0.2000000000000001,0.0,0,20,0.31578947368421006,,,40,50,0.8,0.8333333333333334,go:20/24,20,0,0,192,24,2004,1.0,True
1.0-1000-classical-2004-psr-small-50,psr-small,20,go,1,3,bmaxmin,241860376,4,2.4,0.4,0.4000000000000001,0.0,16,4,0.39999999999999997,,,3,50,0.06,0.16666666666666666,go:4/24,4,0,16,192,24,2004,1.0,True
1.0-1000-classical-2004-psr-small-50,psr-small,20,go,1,3,bnovelty,241860376,4,2.4,0.4,0.4000000000000001,0.0,16,4,0.39999999999999997,,,3,50,0.06,0.16666666666666666,go:4/24,4,0,16,192,24,2004,1.0,True
1.0-1000-classical-2004-psr-small-50,psr-small,20,go,1,3,maxsum_stability,241860376,20,59.5999999999999,0.2,0.2000000000000001,0.0,0,20,0.3136842105263153,,,43,50,0.86,0.8333333333333334,go:20/24,20,0,0,192,24,2004,1.0,True
1.0-1000-classical-2004-satellite-10,satellite,20,go+ru,2,3,bcoverage,1097989417,20,49.37499999999999,0.08333333333333333,0.1305555555555556,76.25131652635511,0,20,0.519736842105263,0.0,,29,50,0.58,0.5208333333333334,"go:20/480,ru:1/1",20,0,0,1000,480,2004,1.0,True
1.0-1000-classical-2004-satellite-10,satellite,20,go+ru,2,3,bmaxsum,1097989417,20,57.83333333333329,0.08333333333333333,0.15625,84.7227736880287,0,20,0.608771929824561,0.0,,27,50,0.54,0.5208333333333334,"go:20/480,ru:1/1",20,0,0,1000,480,2004,1.0,True
1.0-1000-classical-2004-satellite-10,satellite,20,go+ru,2,3,bmaxmin,1097989417,2,0.4166666666666667,0.4166666666666667,0.4166666666666667,0.5128205128205128,18,2,0.8333333333333334,0.0,,27,50,0.54,0.5020833333333333,"go:2/480,ru:1/1",2,0,18,1000,480,2004,1.0,True
1.0-1000-classical-2004-satellite-10,satellite,20,go+ru,2,3,bnovelty,1097989417,2,0.4166666666666667,0.4166666666666667,0.4166666666666667,0.5128205128205128,18,2,0.8333333333333334,0.0,,27,50,0.54,0.5020833333333333,"go:2/480,ru:1/1",2,0,18,1000,480,2004,1.0,True
1.0-1000-classical-2004-satellite-10,satellite,20,go+ru,2,3,maxsum_stability,1097989417,20,57.166666666666636,0.125,0.17638888888888885,87.13487301858031,0,20,0.6017543859649119,0.0,,28,50,0.56,0.5208333333333334,"go:20/480,ru:1/1",20,0,0,1000,480,2004,1.0,True
1.0-1000-classical-2008-scanalyzer-1,scanalyzer,20,go+ru,2,3,bcoverage,558476505,20,32.74999999999999,0.08333333333333333,0.08680555555555554,141.19999999999993,0,20,0.34473684210526306,0.0,,39,50,0.78,0.7777777777777778,"go:20/36,ru:1/1",20,0,0,216,36,2008,1.0,True
1.0-1000-classical-2008-scanalyzer-1,scanalyzer,20,go+ru,2,3,bmaxsum,558476505,20,33.24999999999996,0.08333333333333333,0.08819444444444444,141.99999999999994,0,20,0.34999999999999953,0.0,,40,50,0.8,0.7777777777777778,"go:20/36,ru:1/1",20,0,0,216,36,2008,1.0,True
1.0-1000-classical-2008-scanalyzer-1,scanalyzer,20,go+ru,2,3,bmaxmin,558476505,3,0.75,0.25,0.25,1.6,17,3,0.5,0.0,,30,50,0.6,0.5416666666666666,"go:3/36,ru:1/1",3,0,17,216,36,2008,1.0,True
1.0-1000-classical-2008-scanalyzer-1,scanalyzer,20,go+ru,2,3,bnovelty,558476505,3,0.75,0.25,0.25,1.6,17,3,0.5,0.0,,30,50,0.6,0.5416666666666666,"go:3/36,ru:1/1",3,0,17,216,36,2008,1.0,True
1.0-1000-classical-2008-scanalyzer-1,scanalyzer,20,go+ru,2,3,maxsum_stability,558476505,20,32.458333333333314,0.08333333333333333,0.08819444444444442,146.2,0,20,0.34166666666666645,0.0,,40,50,0.8,0.7777777777777778,"go:20/36,ru:1/1",20,0,0,216,36,2008,1.0,True
1.0-1000-classical-2000-schedule-1,schedule,20,go+ru,2,3,bcoverage,1496174874,20,67.74999999999999,0.15,0.24,0.0,0,20,0.713157894736842,0.0,,22,50,0.44,0.51,"go:20/1000,ru:1/1",20,0,0,1000,1000,2000,1.0,True
1.0-1000-classical-2000-schedule-1,schedule,20,go+ru,2,3,bmaxsum,1496174874,20,75.05000000000007,0.1,0.205,37.30277957336776,0,20,0.7900000000000007,0.0,,23,50,0.46,0.51,"go:20/1000,ru:1/1",20,0,0,1000,1000,2000,1.0,True
1.0-1000-classical-2000-schedule-1,schedule,20,go+ru,2,3,bmaxmin,1496174874,2,0.5,0.5,0.5,0.0,18,2,1.0,0.0,,22,50,0.44,0.501,"go:2/1000,ru:1/1",2,0,18,1000,1000,2000,1.0,True
1.0-1000-classical-2000-schedule-1,schedule,20,go+ru,2,3,bnovelty,1496174874,2,0.5,0.5,0.5,0.0,18,2,1.0,0.0,,22,50,0.44,0.501,"go:2/1000,ru:1/1",2,0,18,1000,1000,2000,1.0,True
1.0-1000-classical-2000-schedule-1,schedule,20,go+ru,2,3,maxsum_stability,1496174874,20,61.75000000000001,0.1,0.1825,58.56733462615806,0,20,0.65,0.0,,23,50,0.46,0.51,"go:20/1000,ru:1/1",20,0,0,1000,1000,2000,1.0,True
1.0-1000-classical-2006-tpp-4,tpp,20,go+ru,2,3,bcoverage,240516610,20,74.5,0.25,0.25,0.0,0,20,0.7842105263157895,0.0,,44,50,0.88,0.9166666666666667,"go:20/24,ru:1/1",20,0,0,1000,24,2006,1.0,True
1.0-1000-classical-2006-tpp-4,tpp,20,go+ru,2,3,bmaxsum,240516610,20,74.75,0.25,0.25,0.0,0,20,0.7868421052631579,0.0,,43,50,0.86,0.9166666666666667,"go:20/24,ru:1/1",20,0,0,1000,24,2006,1.0,True
1.0-1000-classical-2006-tpp-4,tpp,20,go+ru,2,3,bmaxmin,240516610,4,3.0,0.5,0.5,0.0,16,4,1.0,0.0,,31,50,0.62,0.5833333333333334,"go:4/24,ru:1/1",4,0,16,1000,24,2006,1.0,True
1.0-1000-classical-2006-tpp-4,tpp,20,go+ru,2,3,bnovelty,240516610,4,3.0,0.5,0.5,0.0,16,4,1.0,0.0,,31,50,0.62,0.5833333333333334,"go:4/24,ru:1/1",4,0,16,1000,24,2006,1.0,True
1.0-1000-classical-2006-tpp-4,tpp,20,go+ru,2,3,maxsum_stability,240516610,20,74.5,0.25,0.25,0.0,0,20,0.7842105263157895,0.0,,44,50,0.88,0.9166666666666667,"go:20/24,ru:1/1",20,0,0,1000,24,2006,1.0,True
1.0-1000-classical-None-trucks-4,trucks,20,go,1,3,bcoverage,1951623839,20,118.66666666666667,0.3333333333333333,0.34166666666666656,92.98172317134215,0,20,0.624561403508772,,,36,50,0.72,0.6666666666666666,go:20/30,20,0,0,534,30,None,1.0,True
1.0-1000-classical-None-trucks-4,trucks,20,go,1,3,bmaxsum,1951623839,20,127.66666666666667,0.3333333333333333,0.33611111111111097,94.09803971137116,0,20,0.6719298245614035,,,31,50,0.62,0.6666666666666666,go:20/30,20,0,0,534,30,None,1.0,True
1.0-1000-classical-None-trucks-4,trucks,20,go,1,3,bmaxmin,1951623839,2,1.0,1.0,1.0,0.5625,18,2,1.0,,,2,50,0.04,0.06666666666666667,go:2/30,2,0,18,534,30,None,1.0,True
1.0-1000-classical-None-trucks-4,trucks,20,go,1,3,bnovelty,1951623839,2,1.0,1.0,1.0,0.5625,18,2,1.0,,,2,50,0.04,0.06666666666666667,go:2/30,2,0,18,534,30,None,1.0,True
1.0-1000-classical-None-trucks-4,trucks,20,go,1,3,maxsum_stability,1951623839,18,95.0,0.3333333333333333,0.37962962962962954,100.87178117322726,2,18,0.6209150326797386,,,27,50,0.54,0.6,go:18/30,20,0,2,534,30,None,1.0,True
1.0-1000-classical-None-tsp-13,tsp,20,go,1,3,bcoverage,608455527,20,80.19999999999999,0.1,0.24666666666666667,125.0621135808826,0,20,0.42210526315789465,,,0,50,0.0,0.02,go:20/1000,20,0,0,1000,1000,None,1.0,True
1.0-1000-classical-None-tsp-13,tsp,20,go,1,3,bmaxsum,608455527,20,83.25000000000001,0.1,0.26249999999999996,125.11980137233334,0,20,0.4381578947368422,,,2,50,0.04,0.02,go:20/1000,20,0,0,1000,1000,None,1.0,True
1.0-1000-classical-None-tsp-13,tsp,20,go,1,3,bmaxmin,608455527,2,0.7,0.7,0.7,0.75,18,2,0.7,,,0,50,0.0,0.002,go:2/1000,2,0,18,1000,1000,None,1.0,True
1.0-1000-classical-None-tsp-13,tsp,20,go,1,3,bnovelty,608455527,2,0.7,0.7,0.7,0.75,18,2,0.7,,,0,50,0.0,0.002,go:2/1000,2,0,18,1000,1000,None,1.0,True
1.0-1000-classical-None-tsp-13,tsp,20,go,1,3,maxsum_stability,608455527,20,77.35,0.15,0.2683333333333333,129.37928290141855,0,20,0.4071052631578947,,,2,50,0.04,0.02,go:20/1000,20,0,0,1000,1000,None,1.0,True
1.0-1000-classical-2014-visitall-16,visitall,20,go,1,3,bcoverage,1622429557,20,162.12000000000003,0.08,0.6413333333333334,142.48830136970838,0,20,0.8532631578947371,,,4,50,0.08,0.09259259259259259,go:20/216,20,0,0,216,216,2014,1.0,True
1.0-1000-classical-2014-visitall-16,visitall,20,go,1,3,bmaxsum,1622429557,20,172.1999999999998,0.52,0.7533333333333333,97.58702203518921,0,20,0.9063157894736831,,,4,50,0.08,0.09259259259259259,go:20/216,20,0,0,216,216,2014,1.0,True
1.0-1000-classical-2014-visitall-16,visitall,20,go,1,3,bmaxmin,1622429557,4,5.76,0.96,0.96,3.331003678265342,16,4,0.96,,,1,50,0.02,0.018518518518518517,go:4/216,4,0,16,216,216,2014,1.0,True
1.0-1000-classical-2014-visitall-16,visitall,20,go,1,3,bnovelty,1622429557,4,5.76,0.96,0.96,3.331003678265342,16,4,0.96,,,1,50,0.02,0.018518518518518517,go:4/216,4,0,16,216,216,2014,1.0,True
1.0-1000-classical-2014-visitall-16,visitall,20,go,1,3,maxsum_stability,1622429557,20,164.71999999999997,0.36,0.6880000000000001,151.9077336881861,0,20,0.8669473684210525,,,3,50,0.06,0.09259259259259259,go:20/216,20,0,0,216,216,2014,1.0,True
1.0-1000-classical-2008-woodworking-10,woodworking,20,go+ru,2,3,bcoverage,537116571,20,25.714285714285737,0.023809523809523808,0.07023809523809525,3.677419354838709,0,20,0.27067669172932357,0.0,,25,50,0.5,0.51,"go:20/1000,ru:1/1",20,0,0,1000,1000,2008,1.0,True
1.0-1000-classical-2008-woodworking-10,woodworking,20,go+ru,2,3,bmaxsum,537116571,20,28.047619047619087,0.023809523809523808,0.08313492063492062,3.677419354838709,0,20,0.29523809523809563,0.0,,25,50,0.5,0.51,"go:20/1000,ru:1/1",20,0,0,1000,1000,2008,1.0,True
1.0-1000-classical-2008-woodworking-10,woodworking,20,go+ru,2,3,bmaxmin,537116571,2,0.40476190476190477,0.40476190476190477,0.40476190476190477,0.19354838709677424,18,2,0.8095238095238095,0.0,,25,50,0.5,0.501,"go:2/1000,ru:1/1",2,0,18,1000,1000,2008,1.0,True
1.0-1000-classical-2008-woodworking-10,woodworking,20,go+ru,2,3,bnovelty,537116571,2,0.40476190476190477,0.40476190476190477,0.40476190476190477,0.19354838709677424,18,2,0.8095238095238095,0.0,,25,50,0.5,0.501,"go:2/1000,ru:1/1",2,0,18,1000,1000,2008,1.0,True
1.0-1000-classical-2008-woodworking-10,woodworking,20,go+ru,2,3,maxsum_stability,537116571,20,25.714285714285744,0.023809523809523808,0.07023809523809525,3.677419354838709,0,20,0.2706766917293236,0.0,,25,50,0.5,0.51,"go:20/1000,ru:1/1",20,0,0,1000,1000,2008,1.0,True
1.0-1000-classical-2000-elevators-100,elevators,20,go,1,3,bcoverage,1369407389,20,111.99999999999994,0.07407407407407407,0.341358024691358,61.12897748401085,0,20,0.589473684210526,,,8,50,0.16,0.1282051282051282,go:20/156,20,0,0,1000,156,2000,1.0,True
1.0-1000-classical-2000-elevators-100,elevators,20,go,1,3,bmaxsum,1369407389,20,171.29629629629608,0.2962962962962963,0.6555555555555557,103.27175284695556,0,20,0.901559454191032,,,10,50,0.2,0.1282051282051282,go:20/156,20,0,0,1000,156,2000,1.0,True
1.0-1000-classical-2000-elevators-100,elevators,20,go,1,3,bmaxmin,1369407389,3,3.0,1.0,1.0,1.6462872773222532,17,3,1.0,,,1,50,0.02,0.019230769230769232,go:3/156,3,0,17,1000,156,2000,1.0,True
1.0-1000-classical-2000-elevators-100,elevators,20,go,1,3,bnovelty,1369407389,3,3.0,1.0,1.0,1.6462872773222532,17,3,1.0,,,1,50,0.02,0.019230769230769232,go:3/156,3,0,17,1000,156,2000,1.0,True
1.0-1000-classical-2000-elevators-100,elevators,20,go,1,3,maxsum_stability,1369407389,20,169.55555555555532,0.14814814814814814,0.652469135802469,103.98846681858878,0,20,0.8923976608187122,,,7,50,0.14,0.1282051282051282,go:20/156,20,0,0,1000,156,2000,1.0,True
1.0-1000-classical-None-ferry-18,ferry,20,go+ru,2,3,bcoverage,1539505627,20,77.00000000000004,0.14285714285714285,0.23095238095238096,43.264272472058884,0,20,0.8105263157894741,0.0,,30,50,0.6,0.5833333333333334,"go:20/120,ru:1/1",20,0,0,120,120,None,1.0,True
1.0-1000-classical-None-ferry-18,ferry,20,go+ru,2,3,bmaxsum,1539505627,20,81.8571428571429,0.14285714285714285,0.2607142857142857,43.816323840128014,0,20,0.8616541353383463,0.0,,30,50,0.6,0.5833333333333334,"go:20/120,ru:1/1",20,0,0,120,120,None,1.0,True
1.0-1000-classical-None-ferry-18,ferry,20,go+ru,2,3,bmaxmin,1539505627,4,3.0,0.5,0.5,1.3566502463054189,16,4,1.0,0.0,,27,50,0.54,0.5166666666666667,"go:4/120,ru:1/1",4,0,16,120,120,None,1.0,True
1.0-1000-classical-None-ferry-18,ferry,20,go+ru,2,3,bnovelty,1539505627,4,3.0,0.5,0.5,1.3566502463054189,16,4,1.0,0.0,,27,50,0.54,0.5166666666666667,"go:4/120,ru:1/1",4,0,16,120,120,None,1.0,True
1.0-1000-classical-None-ferry-18,ferry,20,go+ru,2,3,maxsum_stability,1539505627,20,77.07142857142863,0.14285714285714285,0.2333333333333333,47.5544808752817,0,20,0.8112781954887224,0.0,,31,50,0.62,0.5833333333333334,"go:20/120,ru:1/1",20,0,0,120,120,None,1.0,True
1.0-1000-classical-1998-gripper-13,gripper,20,go+ru,2,3,bcoverage,901573576,20,17.500000000000014,0.03571428571428571,0.03928571428571427,9.195402298850576,0,20,0.18421052631578963,0.0,,39,50,0.78,0.803030303030303,"go:20/33,ru:1/1",20,0,0,1000,33,1998,1.0,True
1.0-1000-classical-1998-gripper-13,gripper,20,go+ru,2,3,bmaxsum,901573576,20,23.964285714285744,0.03571428571428571,0.05773809523809524,9.10344827586207,0,20,0.2522556390977447,0.0,,36,50,0.72,0.803030303030303,"go:20/33,ru:1/1",20,0,0,1000,33,1998,1.0,True
1.0-1000-classical-1998-gripper-13,gripper,20,go+ru,2,3,bmaxmin,901573576,2,0.5,0.5,0.5,0.09195402298850575,18,2,1.0,0.0,,24,50,0.48,0.5303030303030303,"go:2/33,ru:1/1",2,0,18,1000,33,1998,1.0,True
1.0-1000-classical-1998-gripper-13,gripper,20,go+ru,2,3,bnovelty,901573576,2,0.42857142857142855,0.42857142857142855,0.42857142857142855,0.09195402298850575,18,2,0.8571428571428571,0.0,,24,50,0.48,0.5303030303030303,"go:2/33,ru:1/1",2,0,18,1000,33,1998,1.0,True
1.0-1000-classical-1998-gripper-13,gripper,20,go+ru,2,3,maxsum_stability,901573576,20,17.50000000000001,0.03571428571428571,0.03928571428571428,9.195402298850576,0,20,0.18421052631578957,0.0,,39,50,0.78,0.803030303030303,"go:20/33,ru:1/1",20,0,0,1000,33,1998,1.0,True
1.0-1000-classical-None-miconic-108,miconic,20,go,1,3,bcoverage,1702903515,20,135.37931034482773,0.06896551724137931,0.3534482758620689,81.32818098738808,0,20,0.7125226860254091,,,6,50,0.12,0.15748031496062992,go:20/127,20,0,0,1000,127,None,1.0,True
1.0-1000-classical-None-miconic-108,miconic,20,go,1,3,bmaxsum,1702903515,20,167.24137931034494,0.13793103448275862,0.5798850574712644,102.59421784878974,0,20,0.8802177858439207,,,8,50,0.16,0.15748031496062992,go:20/127,20,0,0,1000,127,None,1.0,True
1.0-1000-classical-None-miconic-108,miconic,20,go,1,3,bmaxmin,1702903515,2,1.0,1.0,1.0,0.5384615384615384,18,2,1.0,,,2,50,0.04,0.015748031496062992,go:2/127,2,0,18,1000,127,None,1.0,True
1.0-1000-classical-None-miconic-108,miconic,20,go,1,3,bnovelty,1702903515,2,1.0,1.0,1.0,0.5384615384615384,18,2,1.0,,,2,50,0.04,0.015748031496062992,go:2/127,2,0,18,1000,127,None,1.0,True
1.0-1000-classical-None-miconic-108,miconic,20,go,1,3,maxsum_stability,1702903515,20,166.241379310345,0.20689655172413793,0.5810344827586207,103.14386983122381,0,20,0.8749546279491842,,,11,50,0.22,0.15748031496062992,go:20/127,20,0,0,1000,127,None,1.0,True
1.0-1000-classical-1998-movie-10,movie,20,go+ru,2,3,bcoverage,1774233937,20,115.71428571428588,0.14285714285714285,0.27976190476190477,123.86010101010106,0,20,0.5654135338345856,0.6526315789473685,,10,50,0.2,0.3214285714285714,"go:20/70,ru:5/14",20,0,0,1000,236,1998,1.0,True
1.0-1000-classical-1998-movie-10,movie,20,go+ru,2,3,bmaxsum,1774233937,20,147.35714285714303,0.21428571428571427,0.5904761904761905,130.35454545454533,0,20,0.5827067669172921,0.968421052631579,,30,50,0.6,0.6285714285714286,"go:18/70,ru:14/14",20,0,0,1000,236,1998,1.0,True
1.0-1000-classical-1998-movie-10,movie,20,go+ru,2,3,bmaxmin,1774233937,3,2.5714285714285716,0.8571428571428572,0.8571428571428572,1.7999999999999998,17,3,0.7142857142857143,1.0,,6,50,0.12,0.12857142857142856,"go:3/70,ru:3/14",3,0,17,1000,236,1998,1.0,True
1.0-1000-classical-1998-movie-10,movie,20,go+ru,2,3,bnovelty,1774233937,3,2.5714285714285716,0.8571428571428572,0.8571428571428572,1.7999999999999998,17,3,0.7142857142857143,1.0,,6,50,0.12,0.12857142857142856,"go:3/70,ru:3/14",3,0,17,1000,236,1998,1.0,True
1.0-1000-classical-1998-movie-10,movie,20,go+ru,2,3,maxsum_stability,1774233937,20,139.9285714285715,0.14285714285714285,0.5083333333333333,153.2777777777777,0,20,0.5203007518796987,0.9526315789473684,,26,50,0.52,0.5285714285714286,"go:14/70,ru:12/14",20,0,0,1000,236,1998,1.0,True
1.0-1000-classical-2006-openstacks-3,openstacks,20,go,1,3,bcoverage,989247046,20,156.6000000000001,0.4,0.52,117.24986071388189,0,20,0.8242105263157901,,,22,50,0.44,0.5,go:20/40,20,0,0,160,40,2006,1.0,True
1.0-1000-classical-2006-openstacks-3,openstacks,20,go,1,3,bmaxsum,989247046,20,159.59999999999997,0.4,0.5233333333333333,118.65782755936347,0,20,0.8399999999999999,,,23,50,0.46,0.5,go:20/40,20,0,0,160,40,2006,1.0,True
1.0-1000-classical-2006-openstacks-3,openstacks,20,go,1,3,bmaxmin,989247046,5,10.0,1.0,1.0,6.889703989703991,15,5,1.0,,,8,50,0.16,0.125,go:5/40,5,0,15,160,40,2006,1.0,True
1.0-1000-classical-2006-openstacks-3,openstacks,20,go,1,3,bnovelty,989247046,5,10.0,1.0,1.0,6.889703989703991,15,5,1.0,,,8,50,0.16,0.125,go:5/40,5,0,15,160,40,2006,1.0,True
1.0-1000-classical-2006-openstacks-3,openstacks,20,go,1,3,maxsum_stability,989247046,20,159.20000000000007,0.4,0.49333333333333335,121.35367208573903,0,20,0.8378947368421057,,,29,50,0.58,0.5,go:20/40,20,0,0,160,40,2006,1.0,True
1.0-1000-classical-2004-satellite-11,satellite,20,go+ru,2,3,bcoverage,913755583,20,40.35714285714288,0.07142857142857142,0.10119047619047616,66.25170611535327,0,20,0.42481203007518825,0.0,,27,50,0.54,0.5961538461538461,"go:20/104,ru:1/1",20,0,0,1000,104,2004,1.0,True
1.0-1000-classical-2004-satellite-11,satellite,20,go+ru,2,3,bmaxsum,913755583,20,58.53571428571435,0.07142857142857142,0.12380952380952379,91.19234545230073,0,20,0.6161654135338352,0.0,,27,50,0.54,0.5961538461538461,"go:20/104,ru:1/1",20,0,0,1000,104,2004,1.0,True
1.0-1000-classical-2004-satellite-11,satellite,20,go+ru,2,3,bmaxmin,913755583,2,0.4642857142857143,0.4642857142857143,0.4642857142857143,0.5581395348837209,18,2,0.9285714285714286,0.0,,22,50,0.44,0.5096153846153846,"go:2/104,ru:1/1",2,0,18,1000,104,2004,1.0,True
1.0-1000-classical-2004-satellite-11,satellite,20,go+ru,2,3,bnovelty,913755583,2,0.4642857142857143,0.4642857142857143,0.4642857142857143,0.5581395348837209,18,2,0.9285714285714286,0.0,,22,50,0.44,0.5096153846153846,"go:2/104,ru:1/1",2,0,18,1000,104,2004,1.0,True
1.0-1000-classical-2004-satellite-11,satellite,20,go+ru,2,3,maxsum_stability,913755583,20,56.00000000000003,0.07142857142857142,0.14226190476190476,93.820162634935,0,20,0.5894736842105266,0.0,,28,50,0.56,0.5961538461538461,"go:20/104,ru:1/1",20,0,0,1000,104,2004,1.0,True
1.0-1000-classical-2008-scanalyzer-2,scanalyzer,20,go+ru,2,3,bcoverage,943783267,20,31.374999999999993,0.08333333333333333,0.10347222222222219,179.75498796009617,0,20,0.33026315789473676,0.0,,28,50,0.56,0.5833333333333334,"go:20/120,ru:1/1",20,0,0,276,120,2008,1.0,True
1.0-1000-classical-2008-scanalyzer-2,scanalyzer,20,go+ru,2,3,bmaxsum,943783267,20,33.33333333333332,0.08333333333333333,0.10694444444444447,180.10930512555885,0,20,0.350877192982456,0.0,,27,50,0.54,0.5833333333333334,"go:20/120,ru:1/1",20,0,0,276,120,2008,1.0,True
1.0-1000-classical-2008-scanalyzer-2,scanalyzer,20,go+ru,2,3,bmaxmin,943783267,5,2.083333333333333,0.20833333333333334,0.20833333333333334,9.4156346749226,15,5,0.41666666666666663,0.0,,26,50,0.52,0.5208333333333334,"go:5/120,ru:1/1",5,0,15,276,120,2008,1.0,True
1.0-1000-classical-2008-scanalyzer-2,scanalyzer,20,go+ru,2,3,bnovelty,943783267,5,2.083333333333333,0.20833333333333334,0.20833333333333334,9.4156346749226,15,5,0.41666666666666663,0.0,,26,50,0.52,0.5208333333333334,"go:5/120,ru:1/1",5,0,15,276,120,2008,1.0,True
1.0-1000-classical-2008-scanalyzer-2,scanalyzer,20,go+ru,2,3,maxsum_stability,943783267,20,32.29166666666666,0.08333333333333333,0.11041666666666669,182.22987616099059,0,20,0.3399122807017543,0.0,,28,50,0.56,0.5833333333333334,"go:20/120,ru:1/1",20,0,0,276,120,2008,1.0,True
1.0-1000-classical-2000-schedule-10,schedule,20,go+ru,2,3,bcoverage,1237255937,20,55.15384615384615,0.07692307692307693,0.17820512820512818,20.81424148606811,0,20,0.5805668016194332,0.0,,20,50,0.4,0.51,"go:20/1000,ru:1/1",20,0,0,1000,1000,2000,1.0,True
1.0-1000-classical-2000-schedule-10,schedule,20,go+ru,2,3,bmaxsum,1237255937,20,64.03846153846142,0.07692307692307693,0.1391025641025641,48.881836945304414,0,20,0.6740890688259097,0.0,,20,50,0.4,0.51,"go:20/1000,ru:1/1",20,0,0,1000,1000,2000,1.0,True
1.0-1000-classical-2000-schedule-10,schedule,20,go+ru,2,3,bmaxmin,1237255937,2,0.46153846153846156,0.46153846153846156,0.46153846153846156,0.42105263157894735,18,2,0.9230769230769231,0.0,,20,50,0.4,0.501,"go:2/1000,ru:1/1",2,0,18,1000,1000,2000,1.0,True
1.0-1000-classical-2000-schedule-10,schedule,20,go+ru,2,3,bnovelty,1237255937,2,0.46153846153846156,0.46153846153846156,0.46153846153846156,0.42105263157894735,18,2,0.9230769230769231,0.0,,20,50,0.4,0.501,"go:2/1000,ru:1/1",2,0,18,1000,1000,2000,1.0,True
1.0-1000-classical-2000-schedule-10,schedule,20,go+ru,2,3,maxsum_stability,1237255937,20,55.38461538461534,0.07692307692307693,0.1358974358974359,53.555082559339496,0,20,0.5829959514170036,0.0,,20,50,0.4,0.51,"go:20/1000,ru:1/1",20,0,0,1000,1000,2000,1.0,True
1.0-1000-classical-2006-tpp-5,tpp,20,go+ru,2,3,bcoverage,2035469972,20,77.10000000000002,0.2,0.2666666666666666,0.0,0,20,0.8115789473684213,0.0,,17,50,0.34,0.3333333333333333,"go:20/120,ru:1/2",20,0,0,1000,121,2006,1.0,True
1.0-1000-classical-2006-tpp-5,tpp,20,go+ru,2,3,bmaxsum,2035469972,20,89.50000000000001,0.2,0.28833333333333333,19.0,0,20,0.8421052631578945,0.1,,31,50,0.62,0.5833333333333334,"go:20/120,ru:2/2",20,0,0,1000,121,2006,1.0,True
1.0-1000-classical-2006-tpp-5,tpp,20,go+ru,2,3,bmaxmin,2035469972,2,1.0,1.0,1.0,1.0,18,2,1.0,1.0,,29,50,0.58,0.5083333333333333,"go:2/120,ru:2/2",2,0,18,1000,121,2006,1.0,True
1.0-1000-classical-2006-tpp-5,tpp,20,go+ru,2,3,bnovelty,2035469972,2,1.0,1.0,1.0,1.0,18,2,1.0,1.0,,29,50,0.58,0.5083333333333333,"go:2/120,ru:2/2",2,0,18,1000,121,2006,1.0,True
1.0-1000-classical-2006-tpp-5,tpp,20,go+ru,2,3,maxsum_stability,2035469972,20,86.30000000000003,0.2,0.29,19.0,0,20,0.8084210526315789,0.1,,33,50,0.66,0.5833333333333334,"go:20/120,ru:2/2",20,0,0,1000,121,2006,1.0,True
1.0-1000-classical-None-tsp-14,tsp,20,go,1,3,bcoverage,975232708,20,74.42857142857149,0.09523809523809523,0.23730158730158735,117.73496767805386,0,20,0.391729323308271,,,1,50,0.02,0.02,go:20/1000,20,0,0,1000,1000,None,1.0,True
1.0-1000-classical-None-tsp-14,tsp,20,go,1,3,bmaxsum,975232708,20,79.28571428571425,0.19047619047619047,0.25873015873015875,121.48032478637563,0,20,0.41729323308270655,,,0,50,0.0,0.02,go:20/1000,20,0,0,1000,1000,None,1.0,True
1.0-1000-classical-None-tsp-14,tsp,20,go,1,3,bmaxmin,975232708,2,0.6666666666666666,0.6666666666666666,0.6666666666666666,0.5517241379310345,18,2,0.6666666666666666,,,0,50,0.0,0.002,go:2/1000,2,0,18,1000,1000,None,1.0,True
1.0-1000-classical-None-tsp-14,tsp,20,go,1,3,bnovelty,975232708,2,0.6666666666666666,0.6666666666666666,0.6666666666666666,0.5517241379310345,18,2,0.6666666666666666,,,0,50,0.0,0.002,go:2/1000,2,0,18,1000,1000,None,1.0,True
1.0-1000-classical-None-tsp-14,tsp,20,go,1,3,maxsum_stability,975232708,20,73.80952380952382,0.19047619047619047,0.273015873015873,125.30760737677403,0,20,0.38847117794486224,,,2,50,0.04,0.02,go:20/1000,20,0,0,1000,1000,None,1.0,True
1.0-1000-classical-2008-woodworking-13,woodworking,20,go+ru,2,3,bcoverage,957017633,20,51.026315789473685,0.10526315789473684,0.1479323308270676,63.768317853457106,0,20,0.4686980609418282,0.0684210526315789,,32,50,0.64,0.6298701298701299,"go:20/77,ru:2/2",20,0,0,1000,154,2008,1.0,True
1.0-1000-classical-2008-woodworking-13,woodworking,20,go+ru,2,3,bmaxsum,957017633,20,60.09022556390978,0.05263157894736842,0.13590225563909775,74.29818541451668,0,20,0.5573407202216071,0.07518796992481196,,29,50,0.58,0.6038961038961039,"go:16/77,ru:2/2",20,0,0,1000,154,2008,1.0,True
1.0-1000-classical-2008-woodworking-13,woodworking,20,go+ru,2,3,bmaxmin,957017633,2,0.4924812030075188,0.4924812030075188,0.4924812030075188,0.5555555555555556,18,2,0.8421052631578947,0.1428571428571429,,26,50,0.52,0.512987012987013,"go:2/77,ru:2/2",2,0,18,1000,154,2008,1.0,True
1.0-1000-classical-2008-woodworking-13,woodworking,20,go+ru,2,3,bnovelty,957017633,2,0.4135338345864662,0.4135338345864662,0.4135338345864662,0.375,18,2,0.6842105263157895,0.1428571428571429,,26,50,0.52,0.512987012987013,"go:2/77,ru:2/2",2,0,18,1000,154,2008,1.0,True
1.0-1000-classical-2008-woodworking-13,woodworking,20,go+ru,2,3,maxsum_stability,957017633,11,13.300751879699247,0.07142857142857145,0.13454089769879246,95.4263010467345,9,11,0.40574162679425824,0.07792207792207792,,26,50,0.52,0.5454545454545454,"go:7/77,ru:2/2",20,0,9,1000,154,2008,1.0,True
1.0-1000-classical-2000-elevators-106,elevators,20,go,1,3,bcoverage,956095144,20,153.44827586206912,0.06896551724137931,0.4206896551724138,95.76286894776055,0,20,0.807622504537206,,,10,50,0.2,0.125,go:20/160,20,0,0,1000,160,2000,1.0,True
1.0-1000-classical-2000-elevators-106,elevators,20,go,1,3,bmaxsum,956095144,20,170.24137931034483,0.10344827586206896,0.6488505747126437,102.35900416157185,0,20,0.8960072595281307,,,9,50,0.18,0.125,go:20/160,20,0,0,1000,160,2000,1.0,True
1.0-1000-classical-2000-elevators-106,elevators,20,go,1,3,bmaxmin,956095144,2,1.0,1.0,1.0,0.5538461538461539,18,2,1.0,,,1,50,0.02,0.0125,go:2/160,2,0,18,1000,160,2000,1.0,True
1.0-1000-classical-2000-elevators-106,elevators,20,go,1,3,bnovelty,956095144,2,1.0,1.0,1.0,0.5538461538461539,18,2,1.0,,,1,50,0.02,0.0125,go:2/160,2,0,18,1000,160,2000,1.0,True
1.0-1000-classical-2000-elevators-106,elevators,20,go,1,3,maxsum_stability,956095144,20,169.37931034482756,0.1724137931034483,0.6568965517241379,102.70496263463679,0,20,0.8914700544464609,,,11,50,0.22,0.125,go:20/160,20,0,0,1000,160,2000,1.0,True
1.0-1000-classical-None-ferry-23,ferry,20,go+ru,2,3,bcoverage,1732081552,20,66.92857142857142,0.14285714285714285,0.21309523809523814,47.77595682445511,0,20,0.7045112781954886,0.0,,35,50,0.7,0.5833333333333334,"go:20/120,ru:1/1",20,0,0,120,120,None,1.0,True
1.0-1000-classical-None-ferry-23,ferry,20,go+ru,2,3,bmaxsum,1732081552,20,70.14285714285721,0.14285714285714285,0.21547619047619046,44.81517853464454,0,20,0.7383458646616549,0.0,,33,50,0.66,0.5833333333333334,"go:20/120,ru:1/1",20,0,0,120,120,None,1.0,True
1.0-1000-classical-None-ferry-23,ferry,20,go+ru,2,3,bmaxmin,1732081552,4,2.571428571428571,0.42857142857142855,0.42857142857142855,1.28786717752235,16,4,0.8571428571428571,0.0,,30,50,0.6,0.5166666666666667,"go:4/120,ru:1/1",4,0,16,120,120,None,1.0,True
1.0-1000-classical-None-ferry-23,ferry,20,go+ru,2,3,bnovelty,1732081552,4,2.571428571428571,0.42857142857142855,0.42857142857142855,1.28786717752235,16,4,0.8571428571428571,0.0,,30,50,0.6,0.5166666666666667,"go:4/120,ru:1/1",4,0,16,120,120,None,1.0,True
1.0-1000-classical-None-ferry-23,ferry,20,go+ru,2,3,maxsum_stability,1732081552,20,58.00000000000002,0.14285714285714285,0.1726190476190476,50.27981354944639,0,20,0.6105263157894739,0.0,,32,50,0.64,0.5833333333333334,"go:20/120,ru:1/1",20,0,0,120,120,None,1.0,True
1.0-1000-classical-1998-gripper-14,gripper,20,go+ru,2,3,bcoverage,735608427,20,16.599999999999973,0.03333333333333333,0.03722222222222222,8.516129032258059,0,20,0.17473684210526289,0.0,,40,50,0.8,0.803030303030303,"go:20/33,ru:1/1",20,0,0,1000,33,1998,1.0,True
1.0-1000-classical-1998-gripper-14,gripper,20,go+ru,2,3,bmaxsum,735608427,20,23.00000000000003,0.03333333333333333,0.05500000000000001,8.602150537634403,0,20,0.24210526315789505,0.0,,41,50,0.82,0.803030303030303,"go:20/33,ru:1/1",20,0,0,1000,33,1998,1.0,True
1.0-1000-classical-1998-gripper-14,gripper,20,go+ru,2,3,bmaxmin,735608427,2,0.5,0.5,0.5,0.0,18,2,1.0,0.0,,28,50,0.56,0.5303030303030303,"go:2/33,ru:1/1",2,0,18,1000,33,1998,1.0,True
1.0-1000-classical-1998-gripper-14,gripper,20,go+ru,2,3,bnovelty,735608427,2,0.4666666666666667,0.4666666666666667,0.4666666666666667,0.0,18,2,0.9333333333333333,0.0,,29,50,0.58,0.5303030303030303,"go:2/33,ru:1/1",2,0,18,1000,33,1998,1.0,True
1.0-1000-classical-1998-gripper-14,gripper,20,go+ru,2,3,maxsum_stability,735608427,20,16.566666666666638,0.03333333333333333,0.03611111111111111,8.602150537634403,0,20,0.1743859649122804,0.0,,39,50,0.78,0.803030303030303,"go:20/33,ru:1/1",20,0,0,1000,33,1998,1.0,True
1.0-1000-classical-None-miconic-11,miconic,20,go,1,3,bcoverage,770341807,20,135.18181818181807,0.18181818181818182,0.32878787878787874,86.54296822957507,0,20,0.7114832535885162,,,2,50,0.04,0.13333333333333333,go:20/150,20,0,0,1000,150,None,1.0,True
1.0-1000-classical-None-miconic-11,miconic,20,go,1,3,bmaxsum,770341807,20,164.09090909090887,0.18181818181818182,0.5848484848484847,98.39137852202843,0,20,0.8636363636363624,,,7,50,0.14,0.13333333333333333,go:20/150,20,0,0,1000,150,None,1.0,True
1.0-1000-classical-None-miconic-11,miconic,20,go,1,3,bmaxmin,770341807,2,1.0,1.0,1.0,0.5490196078431373,18,2,1.0,,,0,50,0.0,0.013333333333333334,go:2/150,2,0,18,1000,150,None,1.0,True
1.0-1000-classical-None-miconic-11,miconic,20,go,1,3,bnovelty,770341807,2,1.0,1.0,1.0,0.5490196078431373,18,2,1.0,,,0,50,0.0,0.013333333333333334,go:2/150,2,0,18,1000,150,None,1.0,True
1.0-1000-classical-None-miconic-11,miconic,20,go,1,3,maxsum_stability,770341807,20,161.18181818181796,0.18181818181818182,0.5696969696969696,101.43343147525061,0,20,0.8483253588516735,,,5,50,0.1,0.13333333333333333,go:20/150,20,0,0,1000,150,None,1.0,True
1.0-1000-classical-1998-movie-11,movie,20,go+ru,2,3,bcoverage,516397511,20,117.0000000000001,0.14285714285714285,0.2785714285714286,126.8262626262625,0,20,0.5210526315789471,0.7105263157894737,,15,50,0.3,0.3279569892473118,"go:20/62,ru:5/15",20,0,0,1000,212,1998,1.0,True
1.0-1000-classical-1998-movie-11,movie,20,go+ru,2,3,bmaxsum,516397511,20,146.64285714285737,0.14285714285714285,0.5535714285714285,141.58282828282827,0,20,0.5699248120300741,0.9736842105263158,,33,50,0.66,0.6209677419354839,"go:15/62,ru:15/15",20,0,0,1000,212,1998,1.0,True
1.0-1000-classical-1998-movie-11,movie,20,go+ru,2,3,bmaxmin,516397511,4,5.142857142857144,0.8571428571428572,0.8571428571428572,4.6818181818181825,16,4,0.7142857142857143,1.0,,15,50,0.3,0.16559139784946236,"go:4/62,ru:4/15",4,0,16,1000,212,1998,1.0,True
1.0-1000-classical-1998-movie-11,movie,20,go+ru,2,3,bnovelty,516397511,4,5.142857142857144,0.8571428571428572,0.8571428571428572,4.6818181818181825,16,4,0.7142857142857143,1.0,,15,50,0.3,0.16559139784946236,"go:4/62,ru:4/15",4,0,16,1000,212,1998,1.0,True
1.0-1000-classical-1998-movie-11,movie,20,go+ru,2,3,maxsum_stability,516397511,20,141.4285714285716,0.14285714285714285,0.5488095238095237,155.58989898989893,0,20,0.5150375939849619,0.9736842105263158,,28,50,0.56,0.6129032258064516,"go:14/62,ru:15/15",20,0,0,1000,212,1998,1.0,True
1.0-1000-classical-2006-openstacks-4,openstacks,20,go,1,3,bcoverage,613557221,20,157.0,0.4,0.4966666666666667,114.6368350218052,0,20,0.8263157894736842,,,23,50,0.46,0.5,go:20/40,20,0,0,160,40,2006,1.0,True
1.0-1000-classical-2006-openstacks-4,openstacks,20,go,1,3,bmaxsum,613557221,20,159.59999999999997,0.4,0.53,116.27743949603236,0,20,0.8399999999999999,,,28,50,0.56,0.5,go:20/40,20,0,0,160,40,2006,1.0,True
1.0-1000-classical-2006-openstacks-4,openstacks,20,go,1,3,bmaxmin,613557221,4,6.0,1.0,1.0,3.7193843884545976,16,4,1.0,,,4,50,0.08,0.1,go:4/40,4,0,16,160,40,2006,1.0,True
1.0-1000-classical-2006-openstacks-4,openstacks,20,go,1,3,bnovelty,613557221,4,6.0,1.0,1.0,3.7193843884545976,16,4,1.0,,,4,50,0.08,0.1,go:4/40,4,0,16,160,40,2006,1.0,True
1.0-1000-classical-2006-openstacks-4,openstacks,20,go,1,3,maxsum_stability,613557221,20,159.60000000000002,0.4,0.49333333333333335,117.68146690376217,0,20,0.8400000000000001,,,32,50,0.64,0.5,go:20/40,20,0,0,160,40,2006,1.0,True
1.0-1000-classical-2004-satellite-14,satellite,20,go+ru,2,3,bcoverage,1176254768,20,32.86842105263159,0.05263157894736842,0.08421052631578949,48.804204760750316,0,20,0.34598337950138514,0.0,,21,50,0.42,0.5416666666666666,"go:20/240,ru:1/1",20,0,0,1000,240,2004,1.0,True
1.0-1000-classical-2004-satellite-14,satellite,20,go+ru,2,3,bmaxsum,1176254768,20,41.31578947368423,0.05263157894736842,0.08903508771929826,59.46724393524762,0,20,0.4349030470914129,0.0,,21,50,0.42,0.5416666666666666,"go:20/240,ru:1/1",20,0,0,1000,240,2004,1.0,True
1.0-1000-classical-2004-satellite-14,satellite,20,go+ru,2,3,bmaxmin,1176254768,2,0.3684210526315789,0.3684210526315789,0.3684210526315789,0.47058823529411764,18,2,0.7368421052631579,0.0,,19,50,0.38,0.5041666666666667,"go:2/240,ru:1/1",2,0,18,1000,240,2004,1.0,True
1.0-1000-classical-2004-satellite-14,satellite,20,go+ru,2,3,bnovelty,1176254768,2,0.3157894736842105,0.3157894736842105,0.3157894736842105,0.47058823529411764,18,2,0.631578947368421,0.0,,18,50,0.36,0.5041666666666667,"go:2/240,ru:1/1",2,0,18,1000,240,2004,1.0,True
1.0-1000-classical-2004-satellite-14,satellite,20,go+ru,2,3,maxsum_stability,1176254768,20,32.263157894736864,0.05263157894736842,0.10394736842105265,62.448937707800205,0,20,0.3396121883656512,0.0,,19,50,0.38,0.5416666666666666,"go:20/240,ru:1/1",20,0,0,1000,240,2004,1.0,True
1.0-1000-classical-2008-scanalyzer-3,scanalyzer,20,go+ru,2,3,bcoverage,1330105845,20,24.666666666666675,0.08333333333333333,0.0833333333333333,156.38289612074493,0,20,0.25964912280701763,0.0,,50,50,1.0,1.0,"go:20/20,ru:1/1",20,0,0,120,20,2008,1.0,True
1.0-1000-classical-2008-scanalyzer-3,scanalyzer,20,go+ru,2,3,bmaxsum,1330105845,20,24.666666666666675,0.08333333333333333,0.0833333333333333,156.3828961207451,0,20,0.25964912280701763,0.0,,50,50,1.0,1.0,"go:20/20,ru:1/1",20,0,0,120,20,2008,1.0,True
1.0-1000-classical-2008-scanalyzer-3,scanalyzer,20,go+ru,2,3,bmaxmin,1330105845,3,0.5,0.16666666666666666,0.16666666666666666,2.585685618729097,17,3,0.3333333333333333,0.0,,31,50,0.62,0.575,"go:3/20,ru:1/1",3,0,17,120,20,2008,1.0,True
1.0-1000-classical-2008-scanalyzer-3,scanalyzer,20,go+ru,2,3,bnovelty,1330105845,3,0.5,0.16666666666666666,0.16666666666666666,2.585685618729097,17,3,0.3333333333333333,0.0,,31,50,0.62,0.575,"go:3/20,ru:1/1",3,0,17,120,20,2008,1.0,True
1.0-1000-classical-2008-scanalyzer-3,scanalyzer,20,go+ru,2,3,maxsum_stability,1330105845,18,19.750000000000007,0.08333333333333333,0.08333333333333331,157.38873103504676,2,18,0.25816993464052296,0.0,,48,50,0.96,0.95,"go:18/20,ru:1/1",20,0,2,120,20,2008,1.0,True
1.0-1000-classical-2000-schedule-11,schedule,20,go+ru,2,3,bcoverage,1052260247,20,50.03846153846153,0.07692307692307693,0.15641025641025635,12.039215686274483,0,20,0.5267206477732793,0.0,,25,50,0.5,0.5199600798403193,"go:20/501,ru:1/1",20,0,0,1000,501,2000,1.0,True
1.0-1000-classical-2000-schedule-11,schedule,20,go+ru,2,3,bmaxsum,1052260247,20,52.65384615384616,0.07692307692307693,0.1615384615384615,12.039215686274483,0,20,0.554251012145749,0.0,,25,50,0.5,0.5199600798403193,"go:20/501,ru:1/1",20,0,0,1000,501,2000,1.0,True
1.0-1000-classical-2000-schedule-11,schedule,20,go+ru,2,3,bmaxmin,1052260247,2,0.46153846153846156,0.46153846153846156,0.46153846153846156,0.2222222222222222,18,2,0.9230769230769231,0.0,,25,50,0.5,0.501996007984032,"go:2/501,ru:1/1",2,0,18,1000,501,2000,1.0,True
1.0-1000-classical-2000-schedule-11,schedule,20,go+ru,2,3,bnovelty,1052260247,2,0.38461538461538464,0.38461538461538464,0.38461538461538464,0.0,18,2,0.7692307692307693,0.0,,25,50,0.5,0.501996007984032,"go:2/501,ru:1/1",2,0,18,1000,501,2000,1.0,True
1.0-1000-classical-2000-schedule-11,schedule,20,go+ru,2,3,maxsum_stability,1052260247,19,44.00000000000001,0.07692307692307693,0.15317139001349525,18.588235294117613,1,19,0.5146198830409358,0.0,,25,50,0.5,0.5189620758483033,"go:19/501,ru:1/1",20,0,1,1000,501,2000,1.0,True
1.0-1000-classical-2006-tpp-6,tpp,20,go+ru,2,3,bcoverage,1616617262,20,63.83333333333331,0.16666666666666666,0.20833333333333331,0.0,0,20,0.6719298245614033,0.0,,18,50,0.36,0.3333333333333333,"go:20/120,ru:1/2",20,0,0,1000,122,2006,1.0,True
1.0-1000-classical-2006-tpp-6,tpp,20,go+ru,2,3,bmaxsum,1616617262,20,84.66666666666673,0.16666666666666666,0.24583333333333335,36.14814814814815,0,20,0.7017543859649124,0.18947368421052632,,26,50,0.52,0.5833333333333334,"go:20/120,ru:2/2",20,0,0,1000,122,2006,1.0,True
1.0-1000-classical-2006-tpp-6,tpp,20,go+ru,2,3,bmaxmin,1616617262,2,0.9166666666666667,0.9166666666666667,0.9166666666666667,1.0,18,2,0.8333333333333334,1.0,,20,50,0.4,0.5083333333333333,"go:2/120,ru:2/2",2,0,18,1000,122,2006,1.0,True
1.0-1000-classical-2006-tpp-6,tpp,20,go+ru,2,3,bnovelty,1616617262,2,0.9166666666666667,0.9166666666666667,0.9166666666666667,1.0,18,2,0.8333333333333334,1.0,,20,50,0.4,0.5083333333333333,"go:2/120,ru:2/2",2,0,18,1000,122,2006,1.0,True
1.0-1000-classical-2006-tpp-6,tpp,20,go+ru,2,3,maxsum_stability,1616617262,18,67.49999999999996,0.16666666666666666,0.2654320987654321,67.3665389527458,2,18,0.6732026143790849,0.20915032679738563,,28,50,0.56,0.5708333333333333,"go:17/120,ru:2/2",20,0,2,1000,122,2006,1.0,True
1.0-1000-classical-None-tsp-16,tsp,20,go,1,3,bcoverage,1412349928,20,59.173913043478194,0.08695652173913043,0.18985507246376818,100.07709372098238,0,20,0.3114416475972537,,,1,50,0.02,0.02,go:20/1000,20,0,0,1000,1000,None,1.0,True
1.0-1000-classical-None-tsp-16,tsp,20,go,1,3,bmaxsum,1412349928,20,66.78260869565213,0.08695652173913043,0.19565217391304346,105.41734530188415,0,20,0.3514874141876428,,,1,50,0.02,0.02,go:20/1000,20,0,0,1000,1000,None,1.0,True
1.0-1000-classical-None-tsp-16,tsp,20,go,1,3,bmaxmin,1412349928,2,0.5217391304347826,0.5217391304347826,0.5217391304347826,0.6857142857142857,18,2,0.5217391304347826,,,1,50,0.02,0.002,go:2/1000,2,0,18,1000,1000,None,1.0,True
1.0-1000-classical-None-tsp-16,tsp,20,go,1,3,bnovelty,1412349928,2,0.5217391304347826,0.5217391304347826,0.5217391304347826,0.6857142857142857,18,2,0.5217391304347826,,,1,50,0.02,0.002,go:2/1000,2,0,18,1000,1000,None,1.0,True
1.0-1000-classical-None-tsp-16,tsp,20,go,1,3,maxsum_stability,1412349928,20,61.391304347826036,0.13043478260869565,0.22028985507246374,111.47738266804785,0,20,0.32311212814645285,,,1,50,0.02,0.02,go:20/1000,20,0,0,1000,1000,None,1.0,True
1.0-1000-classical-2008-woodworking-15,woodworking,20,go+ru,2,3,bcoverage,1349077780,20,47.27999999999997,0.04,0.16033333333333333,0.0,0,20,0.4976842105263155,0.0,,24,50,0.48,0.51,"go:20/1000,ru:1/1",20,0,0,1000,1000,2008,1.0,True
1.0-1000-classical-2008-woodworking-15,woodworking,20,go+ru,2,3,bmaxsum,1349077780,20,51.29999999999996,0.1,0.18266666666666664,10.571428571428575,0,20,0.5399999999999996,0.0,,23,50,0.46,0.51,"go:20/1000,ru:1/1",20,0,0,1000,1000,2008,1.0,True
1.0-1000-classical-2008-woodworking-15,woodworking,20,go+ru,2,3,bmaxmin,1349077780,2,0.36,0.36,0.36,0.2857142857142857,18,2,0.72,0.0,,23,50,0.46,0.501,"go:2/1000,ru:1/1",2,0,18,1000,1000,2008,1.0,True
1.0-1000-classical-2008-woodworking-15,woodworking,20,go+ru,2,3,bnovelty,1349077780,2,0.32,0.32,0.32,0.0,18,2,0.64,0.0,,23,50,0.46,0.501,"go:2/1000,ru:1/1",2,0,18,1000,1000,2008,1.0,True
1.0-1000-classical-2008-woodworking-15,woodworking,20,go+ru,2,3,maxsum_stability,1349077780,20,48.37999999999997,0.04,0.15833333333333333,10.571428571428575,0,20,0.5092631578947365,0.0,,24,50,0.48,0.51,"go:20/1000,ru:1/1",20,0,0,1000,1000,2008,1.0,True
1.0-1000-classical-2000-elevators-108,elevators,20,go,1,3,bcoverage,1598355375,20,141.27586206896564,0.06896551724137931,0.3931034482758621,83.74677455347616,0,20,0.7435571687840297,,,8,50,0.16,0.15748031496062992,go:20/127,20,0,0,1000,127,2000,1.0,True
1.0-1000-classical-2000-elevators-108,elevators,20,go,1,3,bmaxsum,1598355375,20,167.0689655172415,0.06896551724137931,0.5701149425287356,102.23423626972563,0,20,0.8793103448275869,,,8,50,0.16,0.15748031496062992,go:20/127,20,0,0,1000,127,2000,1.0,True
1.0-1000-classical-2000-elevators-108,elevators,20,go,1,3,bmaxmin,1598355375,2,1.0,1.0,1.0,0.515625,18,2,1.0,,,0,50,0.0,0.015748031496062992,go:2/127,2,0,18,1000,127,2000,1.0,True
1.0-1000-classical-2000-elevators-108,elevators,20,go,1,3,bnovelty,1598355375,2,1.0,1.0,1.0,0.515625,18,2,1.0,,,0,50,0.0,0.015748031496062992,go:2/127,2,0,18,1000,127,2000,1.0,True
1.0-1000-classical-2000-elevators-108,elevators,20,go,1,3,maxsum_stability,1598355375,20,165.62068965517247,0.20689655172413793,0.5764367816091953,103.12085626533235,0,20,0.8716878402903814,,,8,50,0.16,0.15748031496062992,go:20/127,20,0,0,1000,127,2000,1.0,True
1.0-1000-classical-None-ferry-27,ferry,20,go+ru,2,3,bcoverage,1615901577,20,78.3333333333333,0.16666666666666666,0.23888888888888887,48.04531542531545,0,20,0.8245614035087716,0.0,,31,50,0.62,0.5943396226415094,"go:20/106,ru:1/1",20,0,0,106,106,None,1.0,True
1.0-1000-classical-None-ferry-27,ferry,20,go+ru,2,3,bmaxsum,1615901577,20,81.83333333333333,0.16666666666666666,0.26666666666666666,51.646121286121314,0,20,0.8614035087719297,0.0,,30,50,0.6,0.5943396226415094,"go:20/106,ru:1/1",20,0,0,106,106,None,1.0,True
1.0-1000-classical-None-ferry-27,ferry,20,go+ru,2,3,bmaxmin,1615901577,4,3.0,0.5,0.5,1.7075702075702073,16,4,1.0,0.0,,28,50,0.56,0.5188679245283019,"go:4/106,ru:1/1",4,0,16,106,106,None,1.0,True
1.0-1000-classical-None-ferry-27,ferry,20,go+ru,2,3,bnovelty,1615901577,4,3.0,0.5,0.5,1.7075702075702073,16,4,1.0,0.0,,28,50,0.56,0.5188679245283019,"go:4/106,ru:1/1",4,0,16,106,106,None,1.0,True
1.0-1000-classical-None-ferry-27,ferry,20,go+ru,2,3,maxsum_stability,1615901577,20,79.33333333333331,0.16666666666666666,0.24722222222222223,54.02784289784287,0,20,0.8350877192982454,0.0,,33,50,0.66,0.5943396226415094,"go:20/106,ru:1/1",20,0,0,106,106,None,1.0,True
1.0-1000-classical-1998-gripper-15,gripper,20,go+ru,2,3,bcoverage,1558138621,20,15.4375,0.03125,0.035416666666666666,8.080808080808065,0,20,0.1625,0.0,,40,50,0.8,0.803030303030303,"go:20/33,ru:1/1",20,0,0,1000,33,1998,1.0,True
1.0-1000-classical-1998-gripper-15,gripper,20,go+ru,2,3,bmaxsum,1558138621,20,22.15625,0.03125,0.05364583333333332,7.3535353535353405,0,20,0.2332236842105263,0.0,,40,50,0.8,0.803030303030303,"go:20/33,ru:1/1",20,0,0,1000,33,1998,1.0,True
1.0-1000-classical-1998-gripper-15,gripper,20,go+ru,2,3,bmaxmin,1558138621,2,0.5,0.5,0.5,0.08080808080808077,18,2,1.0,0.0,,26,50,0.52,0.5303030303030303,"go:2/33,ru:1/1",2,0,18,1000,33,1998,1.0,True
1.0-1000-classical-1998-gripper-15,gripper,20,go+ru,2,3,bnovelty,1558138621,2,0.4375,0.4375,0.4375,0.0,18,2,0.875,0.0,,26,50,0.52,0.5303030303030303,"go:2/33,ru:1/1",2,0,18,1000,33,1998,1.0,True
1.0-1000-classical-1998-gripper-15,gripper,20,go+ru,2,3,maxsum_stability,1558138621,20,15.4375,0.03125,0.035416666666666666,8.080808080808065,0,20,0.1625,0.0,,40,50,0.8,0.803030303030303,"go:20/33,ru:1/1",20,0,0,1000,33,1998,1.0,True
1.0-1000-classical-None-miconic-12,miconic,20,go,1,3,bcoverage,887302677,20,121.63636363636357,0.18181818181818182,0.26969696969696966,55.58946725937842,0,20,0.6401913875598083,,,9,50,0.18,0.145985401459854,go:20/137,20,0,0,1000,137,None,1.0,True
1.0-1000-classical-None-miconic-12,miconic,20,go,1,3,bmaxsum,887302677,20,151.54545454545442,0.18181818181818182,0.459090909090909,76.14065956957246,0,20,0.7976076555023917,,,9,50,0.18,0.145985401459854,go:20/137,20,0,0,1000,137,None,1.0,True
1.0-1000-classical-None-miconic-12,miconic,20,go,1,3,bmaxmin,887302677,2,1.0,1.0,1.0,0.5217391304347826,18,2,1.0,,,0,50,0.0,0.014598540145985401,go:2/137,2,0,18,1000,137,None,1.0,True
1.0-1000-classical-None-miconic-12,miconic,20,go,1,3,bnovelty,887302677,2,1.0,1.0,1.0,0.5217391304347826,18,2,1.0,,,0,50,0.0,0.014598540145985401,go:2/137,2,0,18,1000,137,None,1.0,True
1.0-1000-classical-None-miconic-12,miconic,20,go,1,3,maxsum_stability,887302677,20,145.3636363636363,0.18181818181818182,0.4015151515151514,79.42392096483225,0,20,0.7650717703349278,,,10,50,0.2,0.145985401459854,go:20/137,20,0,0,1000,137,None,1.0,True
1.0-1000-classical-1998-movie-12,movie,20,go+ru,2,3,bcoverage,130992253,20,114.35714285714293,0.14285714285714285,0.2452380952380952,130.30505050505053,0,20,0.5616541353383453,0.6421052631578947,,17,50,0.34,0.29166666666666663,"go:20/60,ru:4/16",20,0,0,1000,220,1998,1.0,True
1.0-1000-classical-1998-movie-12,movie,20,go+ru,2,3,bmaxsum,130992253,20,144.78571428571448,0.14285714285714285,0.5595238095238094,135.4101010101009,0,20,0.5503759398496231,0.9736842105263158,,31,50,0.62,0.625,"go:15/60,ru:16/16",20,0,0,1000,220,1998,1.0,True
1.0-1000-classical-1998-movie-12,movie,20,go+ru,2,3,bmaxmin,130992253,2,0.8571428571428572,0.8571428571428572,0.8571428571428572,0.6,18,2,0.7142857142857143,1.0,,5,50,0.1,0.07916666666666666,"go:2/60,ru:2/16",2,0,18,1000,220,1998,1.0,True
1.0-1000-classical-1998-movie-12,movie,20,go+ru,2,3,bnovelty,130992253,2,0.8571428571428572,0.8571428571428572,0.8571428571428572,0.6,18,2,0.7142857142857143,1.0,,5,50,0.1,0.07916666666666666,"go:2/60,ru:2/16",2,0,18,1000,220,1998,1.0,True
1.0-1000-classical-1998-movie-12,movie,20,go+ru,2,3,maxsum_stability,130992253,20,134.3571428571431,0.21428571428571427,0.4845238095238096,152.22424242424208,0,20,0.466917293233082,0.9473684210526315,,26,50,0.52,0.5375,"go:12/60,ru:14/16",20,0,0,1000,220,1998,1.0,True
1.0-1000-classical-2006-openstacks-5,openstacks,20,go,1,3,bcoverage,1402278771,20,156.00000000000003,0.4,0.47666666666666674,100.97344598510634,0,20,0.8210526315789475,,,24,50,0.48,0.5,go:20/40,20,0,0,160,40,2006,1.0,True
1.0-1000-classical-2006-openstacks-5,openstacks,20,go,1,3,bmaxsum,1402278771,20,159.6,0.4,0.5133333333333333,102.00228595895611,0,20,0.84,,,25,50,0.5,0.5,go:20/40,20,0,0,160,40,2006,1.0,True
1.0-1000-classical-2006-openstacks-5,openstacks,20,go,1,3,bmaxmin,1402278771,3,3.0,1.0,1.0,1.774621212121212,17,3,1.0,,,3,50,0.06,0.075,go:3/40,3,0,17,160,40,2006,1.0,True
1.0-1000-classical-2006-openstacks-5,openstacks,20,go,1,3,bnovelty,1402278771,3,3.0,1.0,1.0,1.774621212121212,17,3,1.0,,,3,50,0.06,0.075,go:3/40,3,0,17,160,40,2006,1.0,True
1.0-1000-classical-2006-openstacks-5,openstacks,20,go,1,3,maxsum_stability,1402278771,16,101.19999999999993,0.4,0.5833333333333333,104.26100532633365,4,16,0.8433333333333327,,,15,50,0.3,0.4,go:16/40,20,0,4,160,40,2006,1.0,True
1.0-1000-classical-2004-satellite-2,satellite,20,go+ru,2,3,bcoverage,109334136,20,77.09999999999998,0.2,0.265,88.47499999999998,0,20,0.8115789473684208,0.0,,34,50,0.68,0.5833333333333334,"go:20/120,ru:1/1",20,0,0,204,120,2004,1.0,True
1.0-1000-classical-2004-satellite-2,satellite,20,go+ru,2,3,bmaxsum,109334136,20,79.79999999999998,0.2,0.2783333333333333,89.22058823529409,0,20,0.8399999999999999,0.0,,34,50,0.68,0.5833333333333334,"go:20/120,ru:1/1",20,0,0,204,120,2004,1.0,True
1.0-1000-classical-2004-satellite-2,satellite,20,go+ru,2,3,bmaxmin,109334136,5,5.0,0.5,0.5,4.916176470588235,15,5,1.0,0.0,,30,50,0.6,0.5208333333333334,"go:5/120,ru:1/1",5,0,15,204,120,2004,1.0,True
1.0-1000-classical-2004-satellite-2,satellite,20,go+ru,2,3,bnovelty,109334136,5,5.0,0.5,0.5,4.916176470588235,15,5,1.0,0.0,,30,50,0.6,0.5208333333333334,"go:5/120,ru:1/1",5,0,15,204,120,2004,1.0,True
1.0-1000-classical-2004-satellite-2,satellite,20,go+ru,2,3,maxsum_stability,109334136,20,78.9,0.2,0.26666666666666666,92.3240196078431,0,20,0.8305263157894738,0.0,,33,50,0.66,0.5833333333333334,"go:20/120,ru:1/1",20,0,0,204,120,2004,1.0,True
1.0-1000-classical-2008-scanalyzer-4,scanalyzer,20,go+ru,2,3,bcoverage,1361270870,20,35.78125,0.0625,0.11979166666666666,66.66666666666659,0,20,0.37664473684210525,0.0,,22,50,0.44,0.5185185185185185,"go:20/540,ru:1/1",20,0,0,1000,540,2008,1.0,True
1.0-1000-classical-2008-scanalyzer-4,scanalyzer,20,go+ru,2,3,bmaxsum,1361270870,20,37.5,0.0625,0.115625,65.99999999999991,0,20,0.39473684210526316,0.0,,23,50,0.46,0.5185185185185185,"go:20/540,ru:1/1",20,0,0,1000,540,2008,1.0,True
1.0-1000-classical-2008-scanalyzer-4,scanalyzer,20,go+ru,2,3,bmaxmin,1361270870,3,0.75,0.25,0.25,1.3333333333333335,17,3,0.5,0.0,,22,50,0.44,0.5027777777777778,"go:3/540,ru:1/1",3,0,17,1000,540,2008,1.0,True
1.0-1000-classical-2008-scanalyzer-4,scanalyzer,20,go+ru,2,3,bnovelty,1361270870,3,0.75,0.25,0.25,1.3333333333333335,17,3,0.5,0.0,,22,50,0.44,0.5027777777777778,"go:3/540,ru:1/1",3,0,17,1000,540,2008,1.0,True
1.0-1000-classical-2008-scanalyzer-4,scanalyzer,20,go+ru,2,3,maxsum_stability,1361270870,20,28.1875,0.0625,0.07552083333333334,163.90476190476204,0,20,0.2967105263157895,0.0,,23,50,0.46,0.5185185185185185,"go:20/540,ru:1/1",20,0,0,1000,540,2008,1.0,True
1.0-1000-classical-2000-schedule-12,schedule,20,go+ru,2,3,bcoverage,665937453,20,42.7692307692308,0.07692307692307693,0.1455128205128205,0.0,0,20,0.4502024291497979,0.0,,23,50,0.46,0.51,"go:20/1000,ru:1/1",20,0,0,1000,1000,2000,1.0,True
1.0-1000-classical-2000-schedule-12,schedule,20,go+ru,2,3,bmaxsum,665937453,20,55.65384615384623,0.07692307692307693,0.14102564102564102,44.41692466460268,0,20,0.5858299595141708,0.0,,23,50,0.46,0.51,"go:20/1000,ru:1/1",20,0,0,1000,1000,2000,1.0,True
1.0-1000-classical-2000-schedule-12,schedule,20,go+ru,2,3,bmaxmin,665937453,2,0.38461538461538464,0.38461538461538464,0.38461538461538464,0.5,18,2,0.7692307692307693,0.0,,23,50,0.46,0.501,"go:2/1000,ru:1/1",2,0,18,1000,1000,2000,1.0,True
1.0-1000-classical-2000-schedule-12,schedule,20,go+ru,2,3,bnovelty,665937453,3,1.0384615384615385,0.3076923076923077,0.3461538461538461,0.8421052631578947,17,3,0.6923076923076924,0.0,,23,50,0.46,0.5015,"go:3/1000,ru:1/1",3,0,17,1000,1000,2000,1.0,True
1.0-1000-classical-2000-schedule-12,schedule,20,go+ru,2,3,maxsum_stability,665937453,20,50.84615384615386,0.07692307692307693,0.12564102564102564,56.26934984520123,0,20,0.5352226720647775,0.0,,23,50,0.46,0.51,"go:20/1000,ru:1/1",20,0,0,1000,1000,2000,1.0,True
1.0-1000-classical-None-tsp-17,tsp,20,go,1,3,bcoverage,589926270,20,63.583333333333336,0.08333333333333333,0.19999999999999998,111.34571889145214,0,20,0.33464912280701753,,,0,50,0.0,0.02,go:20/1000,20,0,0,1000,1000,None,1.0,True
1.0-1000-classical-None-tsp-17,tsp,20,go,1,3,bmaxsum,589926270,20,69.33333333333337,0.125,0.2131944444444444,111.5627057127103,0,20,0.3649122807017546,,,3,50,0.06,0.02,go:20/1000,20,0,0,1000,1000,None,1.0,True
1.0-1000-classical-None-tsp-17,tsp,20,go,1,3,bmaxmin,589926270,2,0.5833333333333334,0.5833333333333334,0.5833333333333334,0.7027027027027026,18,2,0.5833333333333334,,,0,50,0.0,0.002,go:2/1000,2,0,18,1000,1000,None,1.0,True
1.0-1000-classical-None-tsp-17,tsp,20,go,1,3,bnovelty,589926270,2,0.5833333333333334,0.5833333333333334,0.5833333333333334,0.7027027027027026,18,2,0.5833333333333334,,,0,50,0.0,0.002,go:2/1000,2,0,18,1000,1000,None,1.0,True
1.0-1000-classical-None-tsp-17,tsp,20,go,1,3,maxsum_stability,589926270,20,64.83333333333336,0.16666666666666666,0.225,115.02700043741032,0,20,0.3412280701754387,,,3,50,0.06,0.02,go:20/1000,20,0,0,1000,1000,None,1.0,True
1.0-1000-classical-2008-woodworking-16,woodworking,20,go+ru,2,3,bcoverage,1231035054,20,32.83928571428571,0.03571428571428571,0.08988095238095237,5.428571428571427,0,20,0.34567669172932325,0.0,,19,50,0.38,0.5260416666666666,"go:20/384,ru:1/1",20,0,0,1000,384,2008,1.0,True
1.0-1000-classical-2008-woodworking-16,woodworking,20,go+ru,2,3,bmaxsum,1231035054,20,33.44642857142858,0.03571428571428571,0.08988095238095237,0.0,0,20,0.35206766917293236,0.0,,19,50,0.38,0.5260416666666666,"go:20/384,ru:1/1",20,0,0,1000,384,2008,1.0,True
1.0-1000-classical-2008-woodworking-16,woodworking,20,go+ru,2,3,bmaxmin,1231035054,2,0.2857142857142857,0.2857142857142857,0.2857142857142857,0.0,18,2,0.5714285714285714,0.0,,18,50,0.36,0.5026041666666666,"go:2/384,ru:1/1",2,0,18,1000,384,2008,1.0,True
1.0-1000-classical-2008-woodworking-16,woodworking,20,go+ru,2,3,bnovelty,1231035054,2,0.2857142857142857,0.2857142857142857,0.2857142857142857,0.0,18,2,0.5714285714285714,0.0,,18,50,0.36,0.5026041666666666,"go:2/384,ru:1/1",2,0,18,1000,384,2008,1.0,True
1.0-1000-classical-2008-woodworking-16,woodworking,20,go+ru,2,3,maxsum_stability,1231035054,15,18.08928571428571,0.03571428571428571,0.09682539682539683,30.339029391660937,5,15,0.34455782312925165,0.0,,19,50,0.38,0.51953125,"go:15/384,ru:1/1",20,0,5,1000,384,2008,1.0,True
1.0-1000-classical-2000-elevators-109,elevators,20,go,1,3,bcoverage,675530553,20,112.37931034482757,0.06896551724137931,0.18735632183908046,71.21327079872378,0,20,0.591470054446461,,,1,50,0.02,0.033112582781456956,go:20/604,20,0,0,1000,604,2000,1.0,True
1.0-1000-classical-2000-elevators-109,elevators,20,go,1,3,bmaxsum,675530553,20,131.93103448275863,0.06896551724137931,0.1816091954022988,88.61920768964008,0,20,0.6943738656987296,,,1,50,0.02,0.033112582781456956,go:20/604,20,0,0,1000,604,2000,1.0,True
1.0-1000-classical-2000-elevators-109,elevators,20,go,1,3,bmaxmin,675530553,2,0.9655172413793104,0.9655172413793104,0.9655172413793104,0.5629629629629629,18,2,0.9655172413793104,,,0,50,0.0,0.0033112582781456954,go:2/604,2,0,18,1000,604,2000,1.0,True
1.0-1000-classical-2000-elevators-109,elevators,20,go,1,3,bnovelty,675530553,2,0.8620689655172413,0.8620689655172413,0.8620689655172413,0.5522388059701493,18,2,0.8620689655172413,,,0,50,0.0,0.0033112582781456954,go:2/604,2,0,18,1000,604,2000,1.0,True
1.0-1000-classical-2000-elevators-109,elevators,20,go,1,3,maxsum_stability,675530553,20,124.62068965517247,0.13793103448275862,0.21091954022988504,93.35119073963273,0,20,0.6558983666061708,,,1,50,0.02,0.033112582781456956,go:20/604,20,0,0,1000,604,2000,1.0,True
1.0-1000-classical-None-ferry-29,ferry,20,go+ru,2,3,bcoverage,132685454,20,70.375,0.125,0.21145833333333336,44.58055099434407,0,20,0.7407894736842106,0.0,,30,50,0.6,0.5943396226415094,"go:20/106,ru:1/1",20,0,0,106,106,None,1.0,True
1.0-1000-classical-None-ferry-29,ferry,20,go+ru,2,3,bmaxsum,132685454,20,72.25,0.125,0.21041666666666664,44.86462324393352,0,20,0.7605263157894737,0.0,,29,50,0.58,0.5943396226415094,"go:20/106,ru:1/1",20,0,0,106,106,None,1.0,True
1.0-1000-classical-None-ferry-29,ferry,20,go+ru,2,3,bmaxmin,132685454,4,2.625,0.4375,0.4375,1.5325176121616613,16,4,0.875,0.0,,26,50,0.52,0.5188679245283019,"go:4/106,ru:1/1",4,0,16,106,106,None,1.0,True
1.0-1000-classical-None-ferry-29,ferry,20,go+ru,2,3,bnovelty,132685454,4,2.625,0.4375,0.4375,1.5325176121616613,16,4,0.875,0.0,,26,50,0.52,0.5188679245283019,"go:4/106,ru:1/1",4,0,16,106,106,None,1.0,True
1.0-1000-classical-None-ferry-29,ferry,20,go+ru,2,3,maxsum_stability,132685454,20,68.6875,0.125,0.20208333333333334,46.270120239419384,0,20,0.7230263157894737,0.0,,28,50,0.56,0.5943396226415094,"go:20/106,ru:1/1",20,0,0,106,106,None,1.0,True
1.0-1000-classical-1998-gripper-16,gripper,20,go+ru,2,3,bcoverage,1171660615,20,14.411764705882316,0.029411764705882353,0.034313725490196074,7.542857142857122,0,20,0.1517027863777086,0.0,,39,50,0.78,0.803030303030303,"go:20/33,ru:1/1",20,0,0,1000,33,1998,1.0,True
1.0-1000-classical-1998-gripper-16,gripper,20,go+ru,2,3,bmaxsum,1171660615,20,21.41176470588238,0.029411764705882353,0.049509803921568625,7.542857142857122,0,20,0.22538699690402506,0.0,,39,50,0.78,0.803030303030303,"go:20/33,ru:1/1",20,0,0,1000,33,1998,1.0,True
1.0-1000-classical-1998-gripper-16,gripper,20,go+ru,2,3,bmaxmin,1171660615,2,0.5,0.5,0.5,0.07619047619047614,18,2,1.0,0.0,,25,50,0.5,0.5303030303030303,"go:2/33,ru:1/1",2,0,18,1000,33,1998,1.0,True
1.0-1000-classical-1998-gripper-16,gripper,20,go+ru,2,3,bnovelty,1171660615,2,0.47058823529411764,0.47058823529411764,0.47058823529411764,0.07619047619047614,18,2,0.9411764705882353,0.0,,26,50,0.52,0.5303030303030303,"go:2/33,ru:1/1",2,0,18,1000,33,1998,1.0,True
1.0-1000-classical-1998-gripper-16,gripper,20,go+ru,2,3,maxsum_stability,1171660615,20,14.499999999999961,0.029411764705882353,0.03529411764705882,7.619047619047598,0,20,0.152631578947368,0.0,,41,50,0.82,0.803030303030303,"go:20/33,ru:1/1",20,0,0,1000,33,1998,1.0,True
1.0-1000-classical-None-miconic-120,miconic,20,go,1,3,bcoverage,1500370027,20,85.26666666666662,0.06666666666666667,0.1627777777777778,56.062523057140496,0,20,0.44877192982456116,,,0,50,0.0,0.025510204081632654,go:20/784,20,0,0,1000,784,None,1.0,True
1.0-1000-classical-None-miconic-120,miconic,20,go,1,3,bmaxsum,1500370027,20,113.7333333333332,0.06666666666666667,0.1538888888888889,75.27593325162069,0,20,0.5985964912280695,,,1,50,0.02,0.025510204081632654,go:20/784,20,0,0,1000,784,None,1.0,True
1.0-1000-classical-None-miconic-120,miconic,20,go,1,3,bmaxmin,1500370027,2,0.9,0.9,0.9,0.5441176470588236,18,2,0.9,,,0,50,0.0,0.002551020408163265,go:2/784,2,0,18,1000,784,None,1.0,True
1.0-1000-classical-None-miconic-120,miconic,20,go,1,3,bnovelty,1500370027,2,0.9,0.9,0.9,0.5441176470588236,18,2,0.9,,,0,50,0.0,0.002551020408163265,go:2/784,2,0,18,1000,784,None,1.0,True
1.0-1000-classical-None-miconic-120,miconic,20,go,1,3,maxsum_stability,1500370027,20,105.59999999999987,0.2,0.2461111111111111,82.19515545749987,0,20,0.5557894736842098,,,2,50,0.04,0.025510204081632654,go:20/784,20,0,0,1000,784,None,1.0,True
1.0-1000-classical-1998-movie-13,movie,20,go+ru,2,3,bcoverage,1892284651,20,115.07142857142864,0.14285714285714285,0.3452380952380953,121.76010101010094,0,20,0.5165413533834582,0.6947368421052632,,21,50,0.42,0.5210084033613445,"go:20/35,ru:8/17",20,0,0,1000,156,1998,1.0,True
1.0-1000-classical-1998-movie-13,movie,20,go+ru,2,3,bmaxsum,1892284651,20,144.6428571428573,0.21428571428571427,0.5678571428571428,129.05707070707044,0,20,0.54360902255639,0.9789473684210527,,37,50,0.74,0.6857142857142857,"go:13/35,ru:17/17",20,0,0,1000,156,1998,1.0,True
1.0-1000-classical-1998-movie-13,movie,20,go+ru,2,3,bmaxmin,1892284651,2,0.8571428571428572,0.8571428571428572,0.8571428571428572,0.7272727272727273,18,2,0.7142857142857143,1.0,,0,50,0.0,0.08739495798319327,"go:2/35,ru:2/17",2,0,18,1000,156,1998,1.0,True
1.0-1000-classical-1998-movie-13,movie,20,go+ru,2,3,bnovelty,1892284651,2,0.8571428571428572,0.8571428571428572,0.8571428571428572,0.7272727272727273,18,2,0.7142857142857143,1.0,,0,50,0.0,0.08739495798319327,"go:2/35,ru:2/17",2,0,18,1000,156,1998,1.0,True
1.0-1000-classical-1998-movie-13,movie,20,go+ru,2,3,maxsum_stability,1892284651,20,129.6428571428572,0.2857142857142857,0.5214285714285714,156.10606060606054,0,20,0.3857142857142855,0.9789473684210527,,35,50,0.7,0.6285714285714286,"go:9/35,ru:17/17",20,0,0,1000,156,1998,1.0,True
1.0-1000-classical-2008-openstacks-1,openstacks,20,go+ru,2,3,bcoverage,526615274,20,75.70000000000006,0.2,0.21000000000000005,88.59823568583282,0,20,0.7968421052631586,0.0,,45,50,0.9,0.9166666666666667,"go:20/24,ru:1/1",20,0,0,600,24,2008,1.0,True
1.0-1000-classical-2008-openstacks-1,openstacks,20,go+ru,2,3,bmaxsum,526615274,20,76.50000000000001,0.2,0.21333333333333337,87.30270119743794,0,20,0.805263157894737,0.0,,47,50,0.94,0.9166666666666667,"go:20/24,ru:1/1",20,0,0,600,24,2008,1.0,True
1.0-1000-classical-2008-openstacks-1,openstacks,20,go+ru,2,3,bmaxmin,526615274,3,1.5,0.5,0.5,1.2836438923395446,17,3,1.0,0.0,,31,50,0.62,0.5625,"go:3/24,ru:1/1",3,0,17,600,24,2008,1.0,True
1.0-1000-classical-2008-openstacks-1,openstacks,20,go+ru,2,3,bnovelty,526615274,3,1.5,0.5,0.5,1.2836438923395446,17,3,1.0,0.0,,31,50,0.62,0.5625,"go:3/24,ru:1/1",3,0,17,600,24,2008,1.0,True
1.0-1000-classical-2008-openstacks-1,openstacks,20,go+ru,2,3,maxsum_stability,526615274,13,30.899999999999977,0.2,0.2435897435897436,93.72698993861457,7,13,0.7923076923076917,0.0,,41,50,0.82,0.7708333333333333,"go:13/24,ru:1/1",20,0,7,600,24,2008,1.0,True
1.0-1000-classical-2004-satellite-4,satellite,20,go+ru,2,3,bcoverage,1877470029,20,59.875,0.125,0.22291666666666665,95.8617824204779,0,20,0.6302631578947369,0.0,,25,50,0.5,0.5138888888888888,"go:20/720,ru:1/1",20,0,0,744,720,2004,1.0,True
1.0-1000-classical-2004-satellite-4,satellite,20,go+ru,2,3,bmaxsum,1877470029,20,62.25,0.125,0.22708333333333336,97.12774327122135,0,20,0.6552631578947369,0.0,,25,50,0.5,0.5138888888888888,"go:20/720,ru:1/1",20,0,0,744,720,2004,1.0,True
1.0-1000-classical-2004-satellite-4,satellite,20,go+ru,2,3,bmaxmin,1877470029,6,5.625,0.375,0.375,7.803689064558629,14,6,0.75,0.0,,25,50,0.5,0.5041666666666667,"go:6/720,ru:1/1",6,0,14,744,720,2004,1.0,True
1.0-1000-classical-2004-satellite-4,satellite,20,go+ru,2,3,bnovelty,1877470029,6,5.625,0.375,0.375,7.803689064558629,14,6,0.75,0.0,,25,50,0.5,0.5041666666666667,"go:6/720,ru:1/1",6,0,14,744,720,2004,1.0,True
1.0-1000-classical-2004-satellite-4,satellite,20,go+ru,2,3,maxsum_stability,1877470029,20,61.125,0.125,0.23125,100.2439299830602,0,20,0.6434210526315789,0.0,,25,50,0.5,0.5138888888888888,"go:20/720,ru:1/1",20,0,0,744,720,2004,1.0,True
1.0-1000-classical-2008-scanalyzer-5,scanalyzer,20,go+ru,2,3,bcoverage,639920320,20,28.09375,0.0625,0.07760416666666668,168.78563674650633,0,20,0.2957236842105263,0.0,,27,50,0.54,0.5694444444444444,"go:20/144,ru:1/1",20,0,0,1000,144,2008,1.0,True
1.0-1000-classical-2008-scanalyzer-5,scanalyzer,20,go+ru,2,3,bmaxsum,639920320,20,31.21875,0.0625,0.08489583333333335,169.1925187212144,0,20,0.32861842105263156,0.0,,25,50,0.5,0.5694444444444444,"go:20/144,ru:1/1",20,0,0,1000,144,2008,1.0,True
1.0-1000-classical-2008-scanalyzer-5,scanalyzer,20,go+ru,2,3,bmaxmin,639920320,3,0.65625,0.21875,0.21875,2.769230769230769,17,3,0.4375,0.0,,23,50,0.46,0.5104166666666666,"go:3/144,ru:1/1",3,0,17,1000,144,2008,1.0,True
1.0-1000-classical-2008-scanalyzer-5,scanalyzer,20,go+ru,2,3,bnovelty,639920320,3,0.65625,0.21875,0.21875,2.769230769230769,17,3,0.4375,0.0,,23,50,0.46,0.5104166666666666,"go:3/144,ru:1/1",3,0,17,1000,144,2008,1.0,True
1.0-1000-classical-2008-scanalyzer-5,scanalyzer,20,go+ru,2,3,maxsum_stability,639920320,20,30.6875,0.0625,0.1046875,176.38983908201297,0,20,0.32302631578947366,0.0,,28,50,0.56,0.5694444444444444,"go:20/144,ru:1/1",20,0,0,1000,144,2008,1.0,True
